{
    "reward_trade": 0.5147365863109863,
    "reward_hold": -1.6694517294809623,
    "reward_profit": 0.718663344427364,
    "reward_loss": -1.4570597919158168,
    "reward_idle": -0.2622686091836593
}