{
  "reward_trade": 0.42708790995047446,
  "reward_hold": -1.8549549755277899,
  "reward_profit": 0.6156285675471685,
  "reward_loss": -1.3969013458310846,
  "reward_idle": -0.1750539096773749
}